delete from amministratore;
delete from catalogoutente_risorsa;
delete from tipologia_autore;
delete from preferenzautente;
delete from datanoleggio;
delete from dataacquisto;
delete from risorsa;
delete from tipologia_autore;
delete from tipologia;
delete from autore;
update utente set idcatalogo_fk=null;
update catalogoutente set idutente_fk=null;
delete from catalogoutente;
delete from utente;
alter sequence hibernate_sequence restart;
insert into tipologia (idtipologia, descrizione) values (1, 'Audio');
insert into tipologia (idtipologia, descrizione) values (2, 'Video');
insert into tipologia (idtipologia, descrizione) values (3, 'Immagine');
insert into tipologia (idtipologia, descrizione) values (4, 'Podcast');
insert into autore (idautore, nome, cognome) values (5, 'Ennio', 'Morricone');
insert into autore (idautore, nome, cognome) values (6, 'W. A.', 'Mozart');
insert into autore (idautore, nome, cognome) values (7, 'Ludwig', 'van Beethoven');
insert into autore (idautore, nome, cognome) values (8, 'Stanley', 'Kubrick');
insert into autore (idautore, nome, cognome) values (9, 'Martin', 'Scorzese');
insert into autore (idautore, nome, cognome) values (10, 'Sergio', 'Leone');
insert into autore (idautore, nome, cognome) values (11, 'Steve', 'McCurry');
insert into autore (idautore, nome, cognome) values (12, 'Kenro', 'Izu');
insert into autore (idautore, nome, cognome) values (13, 'Andy', 'Warhol');
insert into risorsa (idrisorsa, titolo, costoacquisto, costonoleggio, filename, datapubblicazione, idautore_fk, idtipologia_fk) values (14, 'The Ecstasy of Gold', 10.00, 3.00, 'ecstasy.mp3', '2018-02-22', 5, 1);
insert into risorsa (idrisorsa, titolo, costoacquisto, costonoleggio, filename, datapubblicazione, idautore_fk, idtipologia_fk) values (15, 'Eine Kleine Nachtmusik', 2.00, 1.00, 'eineKleineNachtmusik.mp3', '2018-02-22', 6, 1);
insert into risorsa (idrisorsa, titolo, costoacquisto, costonoleggio, filename, datapubblicazione, idautore_fk, idtipologia_fk) values (16, 'Symphony No. 9', 2.00, 1.00, 'symphony9', '2018-02-22', 7, 1);
insert into risorsa (idrisorsa, titolo, costoacquisto, costonoleggio, filename, datapubblicazione, idautore_fk, idtipologia_fk) values (17, 'The Shining', 12.00, 4.50, 'shining.mp4', '2018-02-22', 8, 2);
insert into risorsa (idrisorsa, titolo, costoacquisto, costonoleggio, filename, datapubblicazione, idautore_fk, idtipologia_fk) values (18, 'The Aviator', 9, 2, 'theAviator.mp4', '2018-02-22', 9, 2);
insert into risorsa (idrisorsa, titolo, costoacquisto, costonoleggio, filename, datapubblicazione, idautore_fk, idtipologia_fk) values (19, 'Il buono, il brutto, il cattivo', 7.00, 5.5, 'buonoBruttoCattivo.mp4', '2018-02-22', 10, 2);
insert into risorsa (idrisorsa, titolo, costoacquisto, costonoleggio, filename, datapubblicazione, idautore_fk, idtipologia_fk) values (20, 'Cowboy solitari', 4.5, 0.3, 'cowboySolitari.mp4', '2018-02-22', 13, 2);
insert into risorsa (idrisorsa, titolo, costoacquisto, costonoleggio, filename, datapubblicazione, idautore_fk, idtipologia_fk) values (21, 'Ragazza afgana', 3, 1, 'ragazza.jpg', '2018-02-22', 11, 3);
insert into risorsa (idrisorsa, titolo, costoacquisto, costonoleggio, filename, datapubblicazione, idautore_fk, idtipologia_fk) values (22, 'Requiem', 5, 0.7, 'requiem.jpg', '2018-02-22', 12, 3);
insert into risorsa (idrisorsa, titolo, costoacquisto, costonoleggio, filename, datapubblicazione, idautore_fk, idtipologia_fk) values (23, 'Marilyn Monroe', 4.5, 0.3, 'marilyn.jpg', '2018-02-22', 13, 3);
insert into tipologia_autore (listaautori_idautore, tipologia_idtipologia) values (5, 1);
insert into tipologia_autore (listaautori_idautore, tipologia_idtipologia) values (6, 1);
insert into tipologia_autore (listaautori_idautore, tipologia_idtipologia) values (7, 1);
insert into tipologia_autore (listaautori_idautore, tipologia_idtipologia) values (8, 2);
insert into tipologia_autore (listaautori_idautore, tipologia_idtipologia) values (9, 2);
insert into tipologia_autore (listaautori_idautore, tipologia_idtipologia) values (10, 2);
insert into tipologia_autore (listaautori_idautore, tipologia_idtipologia) values (11, 3);
insert into tipologia_autore (listaautori_idautore, tipologia_idtipologia) values (12, 3);
insert into tipologia_autore (listaautori_idautore, tipologia_idtipologia) values (13, 2);
insert into tipologia_autore (listaautori_idautore, tipologia_idtipologia) values (13, 3);
insert into utente (idutente, nome, cognome, email, password) values (24, 'Salvatore', 'Barone', 'salvatorebarone@email.com', 'passw0rd');
insert into utente (idutente, nome, cognome, email, password) values (25, 'Alfonso', 'Di Martino', 'alfonsodimartino@email.com', 'Pa55uord');
insert into utente (idutente, nome, cognome, email, password) values (26, 'Pietro', 'Liguori', 'pilig@email.com', 'p4sswOrd');
insert into catalogoutente(idcatalogo, idutente_fk) values (27, 24);
insert into catalogoutente(idcatalogo, idutente_fk) values (28, 25);
insert into catalogoutente(idcatalogo, idutente_fk) values (29, 26);
update utente set idcatalogo_fk = 27 where idutente = 24;
update utente set idcatalogo_fk = 28 where idutente = 25;
update utente set idcatalogo_fk = 29 where idutente = 26;
insert into preferenzautente (idpreferenza, idutente_fk, idautore_fk, idtipologia_fk) values (30, 24, 7, 1);
insert into preferenzautente (idpreferenza, idutente_fk, idautore_fk, idtipologia_fk) values (31, 24, 12, 3);
insert into preferenzautente (idpreferenza, idutente_fk, idautore_fk, idtipologia_fk) values (32, 25, 13, 3);
insert into preferenzautente (idpreferenza, idutente_fk, idautore_fk, idtipologia_fk) values (33, 26, 5, 1);
insert into preferenzautente (idpreferenza, idutente_fk, idautore_fk, idtipologia_fk) values (34, 26, 6, 1);
insert into preferenzautente (idpreferenza, idutente_fk, idautore_fk, idtipologia_fk) values (35, 26, 10, 2);
insert into dataacquisto (idacquisto, dataacquisto, idcatalogo_fk, idrisorsa_fk) values (36, '2018-02-22', 27, 23);
insert into dataacquisto (idacquisto, dataacquisto, idcatalogo_fk, idrisorsa_fk) values (37, '2017-02-22', 27, 18);
insert into dataacquisto (idacquisto, dataacquisto, idcatalogo_fk, idrisorsa_fk) values (38, '2018-02-22', 28, 15);
insert into dataacquisto (idacquisto, dataacquisto, idcatalogo_fk, idrisorsa_fk) values (39, '2017-12-22', 28, 16);
insert into dataacquisto (idacquisto, dataacquisto, idcatalogo_fk, idrisorsa_fk) values (40, '2017-12-22', 28, 22);
insert into dataacquisto (idacquisto, dataacquisto, idcatalogo_fk, idrisorsa_fk) values (41, '2018-01-22', 29, 16);
insert into dataacquisto (idacquisto, dataacquisto, idcatalogo_fk, idrisorsa_fk) values (42, '2018-01-22', 29, 15);
insert into dataacquisto (idacquisto, dataacquisto, idcatalogo_fk, idrisorsa_fk) values (43, '2018-02-22', 29, 19);
insert into catalogoutente_risorsa (catalogoutente_idcatalogo, risorsepossedute_idrisorsa) values (27, 23);
insert into catalogoutente_risorsa (catalogoutente_idcatalogo, risorsepossedute_idrisorsa) values (27, 18);
insert into catalogoutente_risorsa (catalogoutente_idcatalogo, risorsepossedute_idrisorsa) values (28, 15);
insert into catalogoutente_risorsa (catalogoutente_idcatalogo, risorsepossedute_idrisorsa) values (28, 16);
insert into catalogoutente_risorsa (catalogoutente_idcatalogo, risorsepossedute_idrisorsa) values (28, 22);
insert into catalogoutente_risorsa (catalogoutente_idcatalogo, risorsepossedute_idrisorsa) values (29, 16);
insert into catalogoutente_risorsa (catalogoutente_idcatalogo, risorsepossedute_idrisorsa) values (29, 15);
insert into catalogoutente_risorsa (catalogoutente_idcatalogo, risorsepossedute_idrisorsa) values (29, 19);
insert into datanoleggio (idnoleggio, datanoleggio, idcatalogo_fk, idrisorsa_fk) values (44, '2018-02-22', 27, 21);
insert into datanoleggio (idnoleggio, datanoleggio, idcatalogo_fk, idrisorsa_fk) values (45, '2017-02-22', 27, 19);
insert into datanoleggio (idnoleggio, datanoleggio, idcatalogo_fk, idrisorsa_fk) values (46, '2018-01-22', 28, 14);
insert into datanoleggio (idnoleggio, datanoleggio, idcatalogo_fk, idrisorsa_fk) values (47, '2018-02-22', 28, 20);
insert into datanoleggio (idnoleggio, datanoleggio, idcatalogo_fk, idrisorsa_fk) values (48, '2017-12-22', 28, 23);
insert into datanoleggio (idnoleggio, datanoleggio, idcatalogo_fk, idrisorsa_fk) values (49, '2017-12-22', 29, 14);
insert into datanoleggio (idnoleggio, datanoleggio, idcatalogo_fk, idrisorsa_fk) values (50, '2018-01-22', 29, 21);
insert into datanoleggio (idnoleggio, datanoleggio, idcatalogo_fk, idrisorsa_fk) values (51, '2018-02-22', 29, 23);
insert into autore (idautore, nome, cognome) values (52, 'Occhio', 'De Falco');
insert into tipologia_autore (listaautori_idautore, tipologia_idtipologia) values (52, 3);
insert into risorsa (idrisorsa, titolo, costoacquisto, costonoleggio, filename, datapubblicazione, idautore_fk, idtipologia_fk) values (53, 'Foto del prossimo acquisto decente del napoli', 110.00, 110.00, 'hahaha.jpg', '2018-02-25', 52, 3);
insert into dataacquisto (idacquisto, dataacquisto, idcatalogo_fk, idrisorsa_fk) values (54, '2018-02-25', 29, 53);
insert into catalogoutente_risorsa(catalogoutente_idcatalogo, risorsepossedute_idrisorsa) values (29, 53);
